Order,Name,Term,Username
1,"Washington, George",(1789-1797),Gwashington
2,"Adams, John",(1797-1801),Jadams
3,"Jefferson, Thomas",(1801-1809),Tjefferson
4,"Madison, James",(1809-1817),Jmadison
5,"Monroe, James",(1817-1825),Jmonroe
6,"Adams, John Quincy",(1825-1829),JQAdams
7,"Jackson, Andrew",(1829-1837),Ajackson
8,"Van Buren, Martin",(1837-1841),MvanBuren
9,"Harrison, William Henry",(1841),WHHarrison
10,"Tyler, John",(1841-1845),Jtyler
11,"Polk, James Knox",(1845-1849),Jpolk
12,"Taylor, Zachary",(1849-1850),Ztaylor
13,"Fillmore, Millard",(1850-1853),"Fillmore, Millard"
14,"Pierce, Franklin",(1853-1857),"Pierce, Franklin"
15,"Buchanan, James",(1857-1861),"Buchanan, James"
16,"Lincoln, Abraham",(1861-1865),"Lincoln, Abraham"
17,"Johnson, Andrew",(1865-1869),"Johnson, Andrew"
18,"Grant, Ulysses S.",(1869-1877),"Grant, Ulysses S."
19,"Hayes, Rutherford Birchard",(1877-1881),"Hayes, Rutherford Birchard"
20,"Garfield, James Abram",(1881),"Garfield, James Abram"
21,"Arthur, Chester Alan",(1881-1885),"Arthur, Chester Alan"
22,"Cleveland, Grover",(1885-1889),"Cleveland, Grover"
23,"Harrison, Benjamin",(1889-1893),"Harrison, Benjamin"
24,"Cleveland, Grover",(1893-1897),"Cleveland, Grover"
25,"McKinley, William",(1897-1901),"McKinley, William"
26,"Roosevelt, Theodore",(1901-1909),"Roosevelt, Theodore"
27,"Taft, William Howard",(1909-1913),"Taft, William Howard"
28,"Wilson, Woodrow",(1913-1921),"Wilson, Woodrow"
29,"Harding, Warren Gamaliel",(1921-1923),"Harding, Warren Gamaliel"
30,"Coolidge, Calvin",(1923-1929),"Coolidge, Calvin"
31,"Hoover, Herbert Clark",(1929-1933),"Hoover, Herbert Clark"
32,"Roosevelt, Franklin Delano",(1933-1945),"Roosevelt, Franklin Delano"
33,"Truman, Harry",(1945-1953),"Truman, Harry"
34,"Eisenhower, Dwight David",(1953-1961),"Eisenhower, Dwight David"
35,"Kennedy, John Fitzgerald",(1961-1963),"Kennedy, John Fitzgerald"
36,"Johnson, Lyndon Baines",(1963-1969),"Johnson, Lyndon Baines"
37,"Nixon, Richard Milhous",(1969-1974),"Nixon, Richard Milhous"
38,"Ford, Gerald Rudolph",(1974-1977),"Ford, Gerald Rudolph"
39,"Carter, James Earl Jr.",(1977-1981,"Carter, James Earl Jr."
40,"Reagan, Ronald Wilson",(1981-1989),"Reagan, Ronald Wilson"
41,"Bush, George Herbert Walker",(1989-1993),"Bush, George Herbert Walker"
42,"Clinton, William Jefferson",(1993-2001),"Clinton, William Jefferson"
43,"Bush, George Walker",(2001-2009),"Bush, George Walker"
44,"Obama, Barack Hussein",(2009-present),"Obama, Barack Hussein"
